Property,DOE_component_GOOD,DOE_component_BAD
MW,0.2229166666666667,0.45375000000000004
logP,0.26761666666666667,0.30360000000000004
HBA,0.25549999999999995,0.3560166666666667
HBD,0.2454833333333334,0.27563333333333334
RB,0.2836,0.33931666666666666
